id;login;password_hash;first_name;last_name;email;image_url;activated;lang_key;created_by;last_modified_by
3;admin;$2a$10$vBFDl4.L6OcdXviUrrtvc.qveZyYjvYZ1BHH9zmzhfAbI6ktXXYze;Administrator;Administrator;admin@localhost;;true;en;system;system
4;requester;$2a$10$vBFDl4.L6OcdXviUrrtvc.qveZyYjvYZ1BHH9zmzhfAbI6ktXXYze;Requester;1;user@localhost;;true;en;system;system
5;approver1.1;$2a$10$vBFDl4.L6OcdXviUrrtvc.qveZyYjvYZ1BHH9zmzhfAbI6ktXXYze;Approver;1.1;approver1.1@localhost;;true;en;system;system
6;approver1.2;$2a$10$vBFDl4.L6OcdXviUrrtvc.qveZyYjvYZ1BHH9zmzhfAbI6ktXXYze;approver;1.2;approver1.2@localhost;;true;en;system;system
7;approver2.1;$2a$10$vBFDl4.L6OcdXviUrrtvc.qveZyYjvYZ1BHH9zmzhfAbI6ktXXYze;Approver;2.1;approver2.1@localhost;;true;en;system;system
8;approver2.2;$2a$10$vBFDl4.L6OcdXviUrrtvc.qveZyYjvYZ1BHH9zmzhfAbI6ktXXYze;Approver;2.2;approver2.2@localhost;;true;en;system;system
9;approver3.1;$2a$10$vBFDl4.L6OcdXviUrrtvc.qveZyYjvYZ1BHH9zmzhfAbI6ktXXYze;Approver;3.1;approver3.1@localhost;;true;en;system;system
10;approver3.2;$2a$10$vBFDl4.L6OcdXviUrrtvc.qveZyYjvYZ1BHH9zmzhfAbI6ktXXYze;Approver;3.2;approver3.2@localhost;;true;en;system;system
11;TwoRoles;$2a$10$vBFDl4.L6OcdXviUrrtvc.qveZyYjvYZ1BHH9zmzhfAbI6ktXXYze;two;roles;tworoles@gmail.com;;true;en;system;system
